codigo,nome,valor,fabricante,modelo,tipo_rele,secao_principal,subsecao,grupo,unidade,opcoes,condicional,aviso,aba_origem,linha_origem,coluna_origem,data_extracao
010A,Reference,,Schneider,MiCON P122_52,,OP PARAMETERS,,,,[],,,MICON P122_52 e P122_204,6,3,2025-11-06T12:24:30.516533
0104,Frequency,,Schneider,MiCON P122_52,,OP PARAMETERS,,,,[],,,MICON P122_52 e P122_204,7,3,2025-11-06T12:24:30.516580
0079,Description,P122B00Z172EC0,Schneider,MiCON P122_52,,OP PARAMETERS,,,,[],,,MICON P122_52 e P122_204,8,3,2025-11-06T12:24:30.516619
0109,Default Display,,Schneider,MiCON P122_52,,CONFIGURATION,,,,[],,,MICON P122_52 e P122_204,11,3,2025-11-06T12:24:30.516689
0105,Phase A Text,,Schneider,MiCON P122_52,,CONFIGURATION,,,,[],,,MICON P122_52 e P122_204,12,3,2025-11-06T12:24:30.516719
0106,Phase B Text,,Schneider,MiCON P122_52,,CONFIGURATION,,,,[],,,MICON P122_52 e P122_204,13,3,2025-11-06T12:24:30.516748
0107,Phase C Text,,Schneider,MiCON P122_52,,CONFIGURATION,,,,[],,,MICON P122_52 e P122_204,14,3,2025-11-06T12:24:30.516776
0108,E/Gnd Text,,Schneider,MiCON P122_52,,CONFIGURATION,,,,[],,,MICON P122_52 e P122_204,15,3,2025-11-06T12:24:30.516803
0120,Line CT primary,,Schneider,MiCON P122_52,,CONFIGURATION,,,,[],,,MICON P122_52 e P122_204,17,3,2025-11-06T12:24:30.516853
0121,Line CT sec,,Schneider,MiCON P122_52,,CONFIGURATION,,,,[],,,MICON P122_52 e P122_204,18,3,2025-11-06T12:24:30.516881
0122,E/Gnd CT primary,,Schneider,MiCON P122_52,,CONFIGURATION,,,,[],,,MICON P122_52 e P122_204,19,3,2025-11-06T12:24:30.516908
0123,E/Gnd CT sec,,Schneider,MiCON P122_52,,CONFIGURATION,,,,[],,,MICON P122_52 e P122_204,20,3,2025-11-06T12:24:30.516935
0200,Function I>,Yes,Schneider,MiCON P122_52,,PROTECTION G1,,G1,,[],,,MICON P122_52 e P122_204,25,3,2025-11-06T12:24:30.517033
0201,I>,,Schneider,MiCON P122_52,,PROTECTION G1,,G1,,[],,,MICON P122_52 e P122_204,26,3,2025-11-06T12:24:30.517060
0202,Delay Type,IDMT,Schneider,MiCON P122_52,,PROTECTION G1,,G1,,[],,,MICON P122_52 e P122_204,27,3,2025-11-06T12:24:30.517088
0202,Delay Type,DMT,Schneider,MiCON P122_52,,PROTECTION G1,,G1,,[],,,MICON P122_52 e P122_204,27,4,2025-11-06T12:24:30.517093
0202,Delay Type,RI,Schneider,MiCON P122_52,,PROTECTION G1,,G1,,[],,,MICON P122_52 e P122_204,27,5,2025-11-06T12:24:30.517096
0203,Idmt,SI (IEC),Schneider,MiCON P122_52,,PROTECTION G1,,G1,,[],,,MICON P122_52 e P122_204,28,3,2025-11-06T12:24:30.517123
0206,tI>,0.60,Schneider,MiCON P122_52,,PROTECTION G1,,G1,s,[],,,MICON P122_52 e P122_204,28,4,2025-11-06T12:24:30.517128
0205,K,0.100,Schneider,MiCON P122_52,,PROTECTION G1,,G1,,[],,,MICON P122_52 e P122_204,28,5,2025-11-06T12:24:30.517133
0204,Tms,,Schneider,MiCON P122_52,,PROTECTION G1,,G1,,[],,,MICON P122_52 e P122_204,29,3,2025-11-06T12:24:30.517159
0209,t Reset,,Schneider,MiCON P122_52,,PROTECTION G1,,G1,,[],,,MICON P122_52 e P122_204,30,3,2025-11-06T12:24:30.517185
0210,Function I>>,,Schneider,MiCON P122_52,,PROTECTION G1,,G1,,[],,,MICON P122_52 e P122_204,31,3,2025-11-06T12:24:30.517215
0211,I>>,,Schneider,MiCON P122_52,,PROTECTION G1,,G1,,[],,,MICON P122_52 e P122_204,32,3,2025-11-06T12:24:30.517241
0213,Delay Type,DMT,Schneider,MiCON P122_52,,PROTECTION G1,,G1,,[],,,MICON P122_52 e P122_204,33,3,2025-11-06T12:24:30.517269
0213,Delay Type,IDMT,Schneider,MiCON P122_52,,PROTECTION G1,,G1,,[],,,MICON P122_52 e P122_204,33,4,2025-11-06T12:24:30.517275
0213,Delay Type,RI,Schneider,MiCON P122_52,,PROTECTION G1,,G1,,[],,,MICON P122_52 e P122_204,33,5,2025-11-06T12:24:30.517279
0212,tI>>,0.10,Schneider,MiCON P122_52,,PROTECTION G1,,G1,s,[],,,MICON P122_52 e P122_204,34,3,2025-11-06T12:24:30.517309
0216,K,0.100,Schneider,MiCON P122_52,,PROTECTION G1,,G1,,[],,,MICON P122_52 e P122_204,34,5,2025-11-06T12:24:30.517316
0219,tReset,0.04,Schneider,MiCON P122_52,,PROTECTION G1,,G1,s,[],,,MICON P122_52 e P122_204,35,3,2025-11-06T12:24:30.517345
0215,Tms,0.500,Schneider,MiCON P122_52,,PROTECTION G1,,G1,,[],,,MICON P122_52 e P122_204,35,4,2025-11-06T12:24:30.517350
0220,Function I>>>,,Schneider,MiCON P122_52,,PROTECTION G1,,G1,,[],,,MICON P122_52 e P122_204,36,3,2025-11-06T12:24:30.517377
0223,I>>> sample,,Schneider,MiCON P122_52,,PROTECTION G1,,G1,,[],,,MICON P122_52 e P122_204,37,3,2025-11-06T12:24:30.517403
0221,I>>>,,Schneider,MiCON P122_52,,PROTECTION G1,,G1,,[],,,MICON P122_52 e P122_204,38,3,2025-11-06T12:24:30.517432
0222,tI>>>,,Schneider,MiCON P122_52,,PROTECTION G1,,G1,,[],,,MICON P122_52 e P122_204,39,3,2025-11-06T12:24:30.517460
0230,Function Ie>,,Schneider,MiCON P122_52,,PROTECTION G1,,G1,,[],,,MICON P122_52 e P122_204,42,3,2025-11-06T12:24:30.517527
0231,Ie>,,Schneider,MiCON P122_52,,PROTECTION G1,,G1,,[],,,MICON P122_52 e P122_204,43,3,2025-11-06T12:24:30.517557
0232,Delay Type,IDMT,Schneider,MiCON P122_52,,PROTECTION G1,,G1,,[],,,MICON P122_52 e P122_204,44,3,2025-11-06T12:24:30.517589
0232,Delay Type,DMT,Schneider,MiCON P122_52,,PROTECTION G1,,G1,,[],,,MICON P122_52 e P122_204,44,4,2025-11-06T12:24:30.517597
0232,Delay Type,RI,Schneider,MiCON P122_52,,PROTECTION G1,,G1,,[],,,MICON P122_52 e P122_204,44,5,2025-11-06T12:24:30.517601
0232,Delay Type,Laborelec,Schneider,MiCON P122_52,,PROTECTION G1,,G1,,[],,,MICON P122_52 e P122_204,44,6,2025-11-06T12:24:30.517604
0233,Idmt,SI (IEC),Schneider,MiCON P122_52,,PROTECTION G1,,G1,,[],,,MICON P122_52 e P122_204,45,3,2025-11-06T12:24:30.517641
0235,tI>,0.60,Schneider,MiCON P122_52,,PROTECTION G1,,G1,s,[],,,MICON P122_52 e P122_204,45,4,2025-11-06T12:24:30.517645
0236,K,0.100,Schneider,MiCON P122_52,,PROTECTION G1,,G1,,[],,,MICON P122_52 e P122_204,45,5,2025-11-06T12:24:30.517649
024A,Idmt,Nertwork 1,Schneider,MiCON P122_52,,PROTECTION G1,,G1,,[],,,MICON P122_52 e P122_204,45,6,2025-11-06T12:24:30.517653
023A,K,0.3,Schneider,MiCON P122_52,,PROTECTION G1,,G1,,[],,,MICON P122_52 e P122_204,45,7,2025-11-06T12:24:30.517657
0234,Tms,,Schneider,MiCON P122_52,,PROTECTION G1,,G1,,[],,,MICON P122_52 e P122_204,46,3,2025-11-06T12:24:30.517683
023B,Interlock Ie>>,Ie>>> No,Schneider,MiCON P122_52,,PROTECTION G1,,G1,,[],,,MICON P122_52 e P122_204,46,7,2025-11-06T12:24:30.517692
0239,t Reset,,Schneider,MiCON P122_52,,PROTECTION G1,,G1,,[],,,MICON P122_52 e P122_204,47,3,2025-11-06T12:24:30.517718
0239,t Reset,0.04,Schneider,MiCON P122_52,,PROTECTION G1,,G1,s,[],,,MICON P122_52 e P122_204,47,7,2025-11-06T12:24:30.517724
0240,Function Ie>>,,Schneider,MiCON P122_52,,PROTECTION G1,,G1,,[],,,MICON P122_52 e P122_204,48,3,2025-11-06T12:24:30.517750
0241,Ie>>,2.000,Schneider,MiCON P122_52,,PROTECTION G1,,G1,Ien,[],,,MICON P122_52 e P122_204,49,3,2025-11-06T12:24:30.517775
0243,Delay Type,DMT,Schneider,MiCON P122_52,,PROTECTION G1,,G1,,[],,,MICON P122_52 e P122_204,50,3,2025-11-06T12:24:30.517803
0243,Delay Type,IDMT,Schneider,MiCON P122_52,,PROTECTION G1,,G1,,[],,,MICON P122_52 e P122_204,50,4,2025-11-06T12:24:30.517806
0243,Delay Type,RI,Schneider,MiCON P122_52,,PROTECTION G1,,G1,,[],,,MICON P122_52 e P122_204,50,5,2025-11-06T12:24:30.517810
0243,Delay Type,Laborelec,Schneider,MiCON P122_52,,PROTECTION G1,,G1,,[],,,MICON P122_52 e P122_204,50,6,2025-11-06T12:24:30.517814
0242,tIe>>,0.10,Schneider,MiCON P122_52,,PROTECTION G1,,G1,s,[],,,MICON P122_52 e P122_204,51,3,2025-11-06T12:24:30.517844
0246,K,0.100,Schneider,MiCON P122_52,,PROTECTION G1,,G1,,[],,,MICON P122_52 e P122_204,51,5,2025-11-06T12:24:30.517851
024A,Idmt,Nertwork 1,Schneider,MiCON P122_52,,PROTECTION G1,,G1,,[],,,MICON P122_52 e P122_204,51,6,2025-11-06T12:24:30.517854
0249,tReset,0.04,Schneider,MiCON P122_52,,PROTECTION G1,,G1,s,[],,,MICON P122_52 e P122_204,52,3,2025-11-06T12:24:30.517879
0245,Tms,0.500,Schneider,MiCON P122_52,,PROTECTION G1,,G1,,[],,,MICON P122_52 e P122_204,52,4,2025-11-06T12:24:30.517884
0250,Function Ie>>>,Yes,Schneider,MiCON P122_52,,PROTECTION G1,,G1,,[],,,MICON P122_52 e P122_204,53,3,2025-11-06T12:24:30.517909
024F,Ie>>> sample,Yes,Schneider,MiCON P122_52,,PROTECTION G1,,G1,,[],,,MICON P122_52 e P122_204,54,3,2025-11-06T12:24:30.517934
0251,Ie>>>,,Schneider,MiCON P122_52,,PROTECTION G1,,G1,,[],,,MICON P122_52 e P122_204,55,3,2025-11-06T12:24:30.517960
0252,tIe>>>,,Schneider,MiCON P122_52,,PROTECTION G1,,G1,,[],,,MICON P122_52 e P122_204,56,3,2025-11-06T12:24:30.517985
025C,Function I2>,,Schneider,MiCON P122_52,,PROTECTION G1,,G1,,[],,,MICON P122_52 e P122_204,58,3,2025-11-06T12:24:30.518033
025D,I2>,,Schneider,MiCON P122_52,,PROTECTION G1,,G1,,[],,,MICON P122_52 e P122_204,59,3,2025-11-06T12:24:30.518058
025E,Delay Type,DMT,Schneider,MiCON P122_52,,PROTECTION G1,,G1,,[],,,MICON P122_52 e P122_204,60,3,2025-11-06T12:24:30.518084
025E,Delay Type,DMT,Schneider,MiCON P122_52,,PROTECTION G1,,G1,,[],,,MICON P122_52 e P122_204,60,4,2025-11-06T12:24:30.518088
025E,Delay Type,RI,Schneider,MiCON P122_52,,PROTECTION G1,,G1,,[],,,MICON P122_52 e P122_204,60,5,2025-11-06T12:24:30.518092
0262,tI2>,0.00,Schneider,MiCON P122_52,,PROTECTION G1,,G1,s,[],,,MICON P122_52 e P122_204,61,3,2025-11-06T12:24:30.518120
025F,Curve,SI (IEC),Schneider,MiCON P122_52,,PROTECTION G1,,G1,,[],,,MICON P122_52 e P122_204,61,4,2025-11-06T12:24:30.518124
0261,K,0.100,Schneider,MiCON P122_52,,PROTECTION G1,,G1,,[],,,MICON P122_52 e P122_204,61,5,2025-11-06T12:24:30.518128
0266,Function I2>>,Yes,Schneider,MiCON P122_52,,PROTECTION G1,,G1,,"['Yes', 'No']",,,MICON P122_52 e P122_204,62,3,2025-11-06T12:24:30.518161
0260,Tms,0.025,Schneider,MiCON P122_52,,PROTECTION G1,,G1,,[],,,MICON P122_52 e P122_204,62,4,2025-11-06T12:24:30.518166
0265,t Reset,0.04,Schneider,MiCON P122_52,,PROTECTION G1,,G1,s,[],,,MICON P122_52 e P122_204,62,5,2025-11-06T12:24:30.518169
0267,I2>>,0.10,Schneider,MiCON P122_52,,PROTECTION G1,,G1,In,[],,,MICON P122_52 e P122_204,63,3,2025-11-06T12:24:30.518194
0265,t Reset,0.04,Schneider,MiCON P122_52,,PROTECTION G1,,G1,s,[],,,MICON P122_52 e P122_204,63,4,2025-11-06T12:24:30.518198
0268,tI2>>,0.00,Schneider,MiCON P122_52,,PROTECTION G1,,G1,s,[],,,MICON P122_52 e P122_204,64,3,2025-11-06T12:24:30.518221
025A,Function I<,,Schneider,MiCON P122_52,,PROTECTION G1,,G1,,[],,,MICON P122_52 e P122_204,66,3,2025-11-06T12:24:30.518265
025B,I<,,Schneider,MiCON P122_52,,PROTECTION G1,,G1,,[],,,MICON P122_52 e P122_204,67,3,2025-11-06T12:24:30.518290
026F,tI<,,Schneider,MiCON P122_52,,PROTECTION G1,,G1,,[],,,MICON P122_52 e P122_204,68,3,2025-11-06T12:24:30.518316
0300,Function I>,No,Schneider,MiCON P122_52,,PROTECTION G2,,G2,,[],,,MICON P122_52 e P122_204,72,3,2025-11-06T12:24:30.518392
0310,Function I>>,No,Schneider,MiCON P122_52,,PROTECTION G2,,G2,,[],,,MICON P122_52 e P122_204,73,3,2025-11-06T12:24:30.518420
0320,Function I>>>,No,Schneider,MiCON P122_52,,PROTECTION G2,,G2,,[],,,MICON P122_52 e P122_204,74,3,2025-11-06T12:24:30.518445
018A,CB Fail ?,,Schneider,MiCON P122_52,,AUTOMAT.CTRL,,,,[],,,MICON P122_52 e P122_204,81,3,2025-11-06T12:24:30.518584
01A4,I<,,Schneider,MiCON P122_52,,AUTOMAT.CTRL,,,,[],,,MICON P122_52 e P122_204,82,3,2025-11-06T12:24:30.518611
018B,CB Fail Time TBF,,Schneider,MiCON P122_52,,AUTOMAT.CTRL,,,,[],,,MICON P122_52 e P122_204,83,3,2025-11-06T12:24:30.518637
01A5,Bloc I>,,Schneider,MiCON P122_52,,AUTOMAT.CTRL,,,,[],,,MICON P122_52 e P122_204,84,3,2025-11-06T12:24:30.518674
01A6,Bloc Ie>,,Schneider,MiCON P122_52,,AUTOMAT.CTRL,,,,[],,,MICON P122_52 e P122_204,85,3,2025-11-06T12:24:30.518700
01A2,TC Supervison,Yes,Schneider,MiCON P122_52,,AUTOMAT.CTRL,,,,[],,,MICON P122_52 e P122_204,87,3,2025-11-06T12:24:30.518745
01A3,t Trip Circuit,,Schneider,MiCON P122_52,,AUTOMAT.CTRL,,,,[],,,MICON P122_52 e P122_204,88,3,2025-11-06T12:24:30.518771
01A0,tClose Pulse,,Schneider,MiCON P122_52,,AUTOMAT.CTRL,,,,[],,,MICON P122_52 e P122_204,89,3,2025-11-06T12:24:30.518797
019F,tOpen Pulse,,Schneider,MiCON P122_52,,AUTOMAT.CTRL,,,,[],,,MICON P122_52 e P122_204,90,3,2025-11-06T12:24:30.518822
02A0,Function Ie_d>,Yes,Schneider,MiCON P122_205,,PROTECTION G1,,G1,,[],,"Mesmos dados e nomenclatutras dos modelos P122_52 e P122_204, com execeção dos campos abaixo, introduzidos para os modelos P122_205 a partir de 2021",MICON P122_205,8,3,2025-11-06T12:24:30.533738
02A1,Ie_d>,,Schneider,MiCON P122_205,,PROTECTION G1,,G1,,[],,"Mesmos dados e nomenclatutras dos modelos P122_52 e P122_204, com execeção dos campos abaixo, introduzidos para os modelos P122_205 a partir de 2021",MICON P122_205,9,3,2025-11-06T12:24:30.533772
02A2,Delay Type,DMT,Schneider,MiCON P122_205,,PROTECTION G1,,G1,,[],,"Mesmos dados e nomenclatutras dos modelos P122_52 e P122_204, com execeção dos campos abaixo, introduzidos para os modelos P122_205 a partir de 2021",MICON P122_205,10,3,2025-11-06T12:24:30.533800
02A6,tIe_d>,,Schneider,MiCON P122_205,,PROTECTION G1,,G1,,[],,"Mesmos dados e nomenclatutras dos modelos P122_52 e P122_204, com execeção dos campos abaixo, introduzidos para os modelos P122_205 a partir de 2021",MICON P122_205,11,3,2025-11-06T12:24:30.533827
02A9,tReset,,Schneider,MiCON P122_205,,PROTECTION G1,,G1,,[],,"Mesmos dados e nomenclatutras dos modelos P122_52 e P122_204, com execeção dos campos abaixo, introduzidos para os modelos P122_205 a partir de 2021",MICON P122_205,12,3,2025-11-06T12:24:30.533853
02B0,Function Ie_d>>,,Schneider,MiCON P122_205,,PROTECTION G1,,G1,,[],,"Mesmos dados e nomenclatutras dos modelos P122_52 e P122_204, com execeção dos campos abaixo, introduzidos para os modelos P122_205 a partir de 2021",MICON P122_205,13,3,2025-11-06T12:24:30.533880
02B1,Ie_d>>,,Schneider,MiCON P122_205,,PROTECTION G1,,G1,,[],,"Mesmos dados e nomenclatutras dos modelos P122_52 e P122_204, com execeção dos campos abaixo, introduzidos para os modelos P122_205 a partir de 2021",MICON P122_205,14,3,2025-11-06T12:24:30.533906
02B2,Delay Type,DMT,Schneider,MiCON P122_205,,PROTECTION G1,,G1,,[],,"Mesmos dados e nomenclatutras dos modelos P122_52 e P122_204, com execeção dos campos abaixo, introduzidos para os modelos P122_205 a partir de 2021",MICON P122_205,15,3,2025-11-06T12:24:30.533935
02B6,tIe_d>>,,Schneider,MiCON P122_205,,PROTECTION G1,,G1,,[],,"Mesmos dados e nomenclatutras dos modelos P122_52 e P122_204, com execeção dos campos abaixo, introduzidos para os modelos P122_205 a partir de 2021",MICON P122_205,16,3,2025-11-06T12:24:30.533965
02B9,tReset,,Schneider,MiCON P122_205,,PROTECTION G1,,G1,,[],,"Mesmos dados e nomenclatutras dos modelos P122_52 e P122_204, com execeção dos campos abaixo, introduzidos para os modelos P122_205 a partir de 2021",MICON P122_205,17,3,2025-11-06T12:24:30.533996
0000,TYPE =,,Schneider,MiCON P220,,OP PARAMETERS,,,,[],,,MICON P220,5,3,2025-11-06T12:24:30.549528
010A,REFERENCE =,,Schneider,MiCON P220,,OP PARAMETERS,,,,[],,,MICON P220,6,3,2025-11-06T12:24:30.549558
0104,FREQUENCY =,,Schneider,MiCON P220,,OP PARAMETERS,,,,[],,,MICON P220,7,3,2025-11-06T12:24:30.549585
0109,SETTING GROUP,,Schneider,MiCON P220,,CONFIGURATION,,,,[],,,MICON P220,11,3,2025-11-06T12:24:30.549662
0120,PRIM PH =,,Schneider,MiCON P220,,CONFIGURATION,,,,[],,,MICON P220,13,3,2025-11-06T12:24:30.549707
0121,SEC PH =,,Schneider,MiCON P220,,CONFIGURATION,,,,[],,,MICON P220,14,3,2025-11-06T12:24:30.549731
0122,PRIM E =,,Schneider,MiCON P220,,CONFIGURATION,,,,[],,,MICON P220,15,3,2025-11-06T12:24:30.549756
0123,SEC E =,,Schneider,MiCON P220,,CONFIGURATION,,,,[],,,MICON P220,16,3,2025-11-06T12:24:30.549780
0210,I>> FUNCTION ?,,Schneider,MiCON P220,,PROTECTION G1,,G1,,[],,,MICON P220,19,3,2025-11-06T12:24:30.549838
0211,I>> =,,Schneider,MiCON P220,,PROTECTION G1,,G1,,[],,,MICON P220,20,3,2025-11-06T12:24:30.549863
0212,tI>> =,,Schneider,MiCON P220,,PROTECTION G1,,G1,,[],,,MICON P220,21,3,2025-11-06T12:24:30.549887
0220,I0> FUNCTION ?,,Schneider,MiCON P220,,PROTECTION G1,,G1,,[],,,MICON P220,23,3,2025-11-06T12:24:30.549934
0221,I0> =,,Schneider,MiCON P220,,PROTECTION G1,,G1,,[],,,MICON P220,24,3,2025-11-06T12:24:30.549958
0222,tI0> =,,Schneider,MiCON P220,,PROTECTION G1,,G1,,[],,,MICON P220,25,3,2025-11-06T12:24:30.549982
0223,I0>> FUNCTION ?,,Schneider,MiCON P220,,PROTECTION G1,,G1,,[],,,MICON P220,26,3,2025-11-06T12:24:30.550006
0224,I0>> =,,Schneider,MiCON P220,,PROTECTION G1,,G1,,[],,,MICON P220,27,3,2025-11-06T12:24:30.550030
0225,tI0>> =,,Schneider,MiCON P220,,PROTECTION G1,,G1,,[],,,MICON P220,28,3,2025-11-06T12:24:30.550054
0230,I2> FUNCTION ?,,Schneider,MiCON P220,,PROTECTION G1,,G1,,[],,,MICON P220,30,3,2025-11-06T12:24:30.550098
0231,I2> =,,Schneider,MiCON P220,,PROTECTION G1,,G1,,[],,,MICON P220,31,3,2025-11-06T12:24:30.550122
0232,tI2> =,,Schneider,MiCON P220,,PROTECTION G1,,G1,,[],,,MICON P220,32,3,2025-11-06T12:24:30.550145
0233,I2>> FUNCTION,,Schneider,MiCON P220,,PROTECTION G1,,G1,,[],,,MICON P220,33,3,2025-11-06T12:24:30.550169
0234,I2>> =,,Schneider,MiCON P220,,PROTECTION G1,,G1,,[],,,MICON P220,34,3,2025-11-06T12:24:30.550193
0244,BLOCKED ROTOR FUNCT ?,YES,Schneider,MiCON P220,,PROTECTION G1,,G1,,[],,,MICON P220,36,3,2025-11-06T12:24:30.550237
0245,tIstall =,,Schneider,MiCON P220,,PROTECTION G1,,G1,,[],,,MICON P220,37,3,2025-11-06T12:24:30.550262
0246,STALLED ROTOR ?,,Schneider,MiCON P220,,PROTECTION G1,,G1,,[],,,MICON P220,38,3,2025-11-06T12:24:30.550286
0247,Istall DETECTION =,,Schneider,MiCON P220,,PROTECTION G1,,G1,,[],,,MICON P220,39,3,2025-11-06T12:24:30.550310
0248,LOCK ROTOR AT START ?,,Schneider,MiCON P220,,PROTECTION G1,,G1,,[],,,MICON P220,40,3,2025-11-06T12:24:30.550334
0250,I< FUNCTION ?,,Schneider,MiCON P220,,PROTECTION G1,,G1,,[],,,MICON P220,42,3,2025-11-06T12:24:30.550377
0251,I< =,,Schneider,MiCON P220,,PROTECTION G1,,G1,,[],,,MICON P220,43,3,2025-11-06T12:24:30.550401
0252,tI< =,,Schneider,MiCON P220,,PROTECTION G1,,G1,,[],,,MICON P220,44,3,2025-11-06T12:24:30.550425
0253,Tinhib =,,Schneider,MiCON P220,,PROTECTION G1,,G1,,[],,,MICON P220,45,3,2025-11-06T12:24:30.550448
0240,EXCES LONG START FUNCT ?,,Schneider,MiCON P220,,PROTECTION G1,,G1,,[],,,MICON P220,47,3,2025-11-06T12:24:30.550492
0241,Istart DETECTION =,,Schneider,MiCON P220,,PROTECTION G1,,G1,,[],,,MICON P220,48,3,2025-11-06T12:24:30.550516
0242,tIstart =,,Schneider,MiCON P220,,PROTECTION G1,,G1,,[],,,MICON P220,49,3,2025-11-06T12:24:30.550540
0300,THERMAL OVERLOAD FUNCT ?,NO,Schneider,MiCON P220,,PROTECTION G2,,G2,,[],,,MICON P220,53,3,2025-11-06T12:24:30.550614
0310,I>> FUNCTION ?,NO,Schneider,MiCON P220,,PROTECTION G2,,G2,,[],,,MICON P220,55,3,2025-11-06T12:24:30.550657
0320,I0> FUNCTION ?,NO,Schneider,MiCON P220,,PROTECTION G2,,G2,,[],,,MICON P220,57,3,2025-11-06T12:24:30.550700
0323,I0>> FUNCTION ?,NO,Schneider,MiCON P220,,PROTECTION G2,,G2,,[],,,MICON P220,58,3,2025-11-06T12:24:30.550724
0330,I2> FUNCTION ?,NO,Schneider,MiCON P220,,PROTECTION G2,,G2,,[],,,MICON P220,60,3,2025-11-06T12:24:30.550767
0333,I2>> FUNCTION,NO,Schneider,MiCON P220,,PROTECTION G2,,G2,,[],,,MICON P220,61,3,2025-11-06T12:24:30.550791
0340,EXCES LONG START FUNCT ?,NO,Schneider,MiCON P220,,PROTECTION G2,,G2,,[],,,MICON P220,63,3,2025-11-06T12:24:30.550835
0344,BLOCKED ROTOR FUNCT ?,NO,Schneider,MiCON P220,,PROTECTION G2,,G2,,[],,,MICON P220,65,3,2025-11-06T12:24:30.550878
0350,I< FUNCTION ?,NO,Schneider,MiCON P220,,PROTECTION G2,,G2,,[],,,MICON P220,67,3,2025-11-06T12:24:30.550921
01DC,SW OPERATING TIME ?,,Schneider,MiCON P220,,AUTOMAT. CTRL,,,,[],,,MICON P220,71,3,2025-11-06T12:24:30.550994
01DE,SW OPERATION NB ?,,Schneider,MiCON P220,,AUTOMAT. CTRL,,,,[],,,MICON P220,72,3,2025-11-06T12:24:30.551018
01DF,SW OPERATION NB =,,Schneider,MiCON P220,,AUTOMAT. CTRL,,,,[],,,MICON P220,73,3,2025-11-06T12:24:30.551041
01E0,SAn ?,,Schneider,MiCON P220,,AUTOMAT. CTRL,,,,[],,,MICON P220,74,3,2025-11-06T12:24:30.551065
01E1,SAn =,,Schneider,MiCON P220,,AUTOMAT. CTRL,,,,[],,,MICON P220,75,3,2025-11-06T12:24:30.551088
01E2,n =,,Schneider,MiCON P220,,AUTOMAT. CTRL,,,,[],,,MICON P220,76,3,2025-11-06T12:24:30.551112
01E3,TRIP T =,,Schneider,MiCON P220,,AUTOMAT. CTRL,,,,[],,,MICON P220,77,3,2025-11-06T12:24:30.551136
01E4,CLOSE T =,,Schneider,MiCON P220,,AUTOMAT. CTRL,,,,[],,,MICON P220,78,3,2025-11-06T12:24:30.551159
01D3,START NB LIMITAT FUNCT ?,,Schneider,MiCON P220,,AUTOMAT. CTRL,,,,[],,,MICON P220,80,3,2025-11-06T12:24:30.551331
01D4,Treference =,,Schneider,MiCON P220,,AUTOMAT. CTRL,,,,[],,,MICON P220,81,3,2025-11-06T12:24:30.551375
01D5,HOT START NB =,,Schneider,MiCON P220,,AUTOMAT. CTRL,,,,[],,,MICON P220,82,3,2025-11-06T12:24:30.551410
01D6,COLD START NB =,,Schneider,MiCON P220,,AUTOMAT. CTRL,,,,[],,,MICON P220,83,3,2025-11-06T12:24:30.551440
01D7,Tinterdiction =,,Schneider,MiCON P220,,AUTOMAT. CTRL,,,,[],,,MICON P220,84,3,2025-11-06T12:24:30.551467
01D8,TIME BETW START FUNCT ?,,Schneider,MiCON P220,,AUTOMAT. CTRL,,,,[],,,MICON P220,86,3,2025-11-06T12:24:30.551518
010A,Reference,,Schneider,MiCON P922,Relé de Tensão,OP PARAMETERS,,,,[],,,MICON P922,5,3,2025-11-06T12:24:30.566976
0104,Frequency,,Schneider,MiCON P922,Relé de Tensão,OP PARAMETERS,,,,[],,,MICON P922,6,3,2025-11-06T12:24:30.567010
0126,Connection,,Schneider,MiCON P922,Relé de Tensão,CONFIGURATION,,,,[],,,MICON P922,10,3,2025-11-06T12:24:30.567096
0109,Default Display,,Schneider,MiCON P922,Relé de Tensão,CONFIGURATION,,,,[],,,MICON P922,11,3,2025-11-06T12:24:30.567124
0120,Main VT Primary,,Schneider,MiCON P922,Relé de Tensão,CONFIGURATION,,,,[],,,MICON P922,13,3,2025-11-06T12:24:30.567171
0122,Main VT Secundary,,Schneider,MiCON P922,Relé de Tensão,CONFIGURATION,,,,[],,,MICON P922,14,3,2025-11-06T12:24:30.567198
0123,E/Gnd VT Primary,,Schneider,MiCON P922,Relé de Tensão,CONFIGURATION,,,,[],,,MICON P922,15,3,2025-11-06T12:24:30.567225
0125,E/Gnd VT Secundary,,Schneider,MiCON P922,Relé de Tensão,CONFIGURATION,,,,[],,,MICON P922,16,3,2025-11-06T12:24:30.567253
0200,Function U<,,Schneider,MiCON P922,Relé de Tensão,PROTECTION G1,,G1,,[],,,MICON P922,22,3,2025-11-06T12:24:30.567365
0201,U<,,Schneider,MiCON P922,Relé de Tensão,PROTECTION G1,,G1,,[],,,MICON P922,23,3,2025-11-06T12:24:30.567392
0202,Delay Type,,Schneider,MiCON P922,Relé de Tensão,PROTECTION G1,,G1,,[],,,MICON P922,24,3,2025-11-06T12:24:30.567418
0205,tU<,0.50,Schneider,MiCON P922,Relé de Tensão,PROTECTION G1,,G1,s,[],,,MICON P922,25,4,2025-11-06T12:24:30.567447
0210,Function U<<,AND,Schneider,MiCON P922,Relé de Tensão,PROTECTION G1,,G1,,[],,,MICON P922,26,3,2025-11-06T12:24:30.567476
0204,tReset U<,0.01,Schneider,MiCON P922,Relé de Tensão,PROTECTION G1,,G1,s,[],,,MICON P922,26,5,2025-11-06T12:24:30.567482
0211,U<<,,Schneider,MiCON P922,Relé de Tensão,PROTECTION G1,,G1,,[],,,MICON P922,27,3,2025-11-06T12:24:30.567506
0212,tU<<,,Schneider,MiCON P922,Relé de Tensão,PROTECTION G1,,G1,,[],,,MICON P922,28,3,2025-11-06T12:24:30.567532
0220,Function U<<<,AND,Schneider,MiCON P922,Relé de Tensão,PROTECTION G1,,G1,,[],,,MICON P922,29,3,2025-11-06T12:24:30.567558
0221,U<<<,,Schneider,MiCON P922,Relé de Tensão,PROTECTION G1,,G1,,[],,,MICON P922,30,3,2025-11-06T12:24:30.567583
0222,tU<<<,,Schneider,MiCON P922,Relé de Tensão,PROTECTION G1,,G1,,[],,,MICON P922,31,3,2025-11-06T12:24:30.567608
022F,Hysteresis,,Schneider,MiCON P922,Relé de Tensão,PROTECTION G1,,G1,,[],,,MICON P922,32,3,2025-11-06T12:24:30.567633
0230,Function U>,,Schneider,MiCON P922,Relé de Tensão,PROTECTION G1,,G1,,[],,,MICON P922,34,3,2025-11-06T12:24:30.567678
0231,U>,,Schneider,MiCON P922,Relé de Tensão,PROTECTION G1,,G1,,[],,,MICON P922,35,3,2025-11-06T12:24:30.567702
0232,Delay Type,DMT,Schneider,MiCON P922,Relé de Tensão,PROTECTION G1,,G1,,[],,,MICON P922,36,3,2025-11-06T12:24:30.567728
0235,tU>,0.04,Schneider,MiCON P922,Relé de Tensão,PROTECTION G1,,G1,s,[],,,MICON P922,37,4,2025-11-06T12:24:30.567755
0240,Function U>>,No,Schneider,MiCON P922,Relé de Tensão,PROTECTION G1,,G1,,[],,,MICON P922,38,3,2025-11-06T12:24:30.567782
0234,tReset U<,0.01,Schneider,MiCON P922,Relé de Tensão,PROTECTION G1,,G1,s,[],,,MICON P922,38,5,2025-11-06T12:24:30.567788
0242,tU>>,,Schneider,MiCON P922,Relé de Tensão,PROTECTION G1,,G1,,[],,,MICON P922,40,3,2025-11-06T12:24:30.567834
0250,Function U>>>,No,Schneider,MiCON P922,Relé de Tensão,PROTECTION G1,,G1,,[],,,MICON P922,41,3,2025-11-06T12:24:30.567858
0251,U>>>,,Schneider,MiCON P922,Relé de Tensão,PROTECTION G1,,G1,,[],,,MICON P922,42,3,2025-11-06T12:24:30.567883
0252,tU>>>,,Schneider,MiCON P922,Relé de Tensão,PROTECTION G1,,G1,,[],,,MICON P922,43,3,2025-11-06T12:24:30.567907
025F,Hysteresis,0.98,Schneider,MiCON P922,Relé de Tensão,PROTECTION G1,,G1,,[],,,MICON P922,44,3,2025-11-06T12:24:30.567932
0260,Function Vo>,Yes,Schneider,MiCON P922,Relé de Tensão,PROTECTION G1,,G1,,[],,,MICON P922,46,3,2025-11-06T12:24:30.567976
0261,Vo>,,Schneider,MiCON P922,Relé de Tensão,PROTECTION G1,,G1,,[],,,MICON P922,47,3,2025-11-06T12:24:30.568022
0262,Delay Type,DMT,Schneider,MiCON P922,Relé de Tensão,PROTECTION G1,,G1,,[],,,MICON P922,48,3,2025-11-06T12:24:30.568052
0265,tVo>,0.04,Schneider,MiCON P922,Relé de Tensão,PROTECTION G1,,G1,s,[],,,MICON P922,49,4,2025-11-06T12:24:30.568081
0264,tReset Vo>,0.01,Schneider,MiCON P922,Relé de Tensão,PROTECTION G1,,G1,s,[],,,MICON P922,50,5,2025-11-06T12:24:30.568105
0270,Function Vo>>,Yes,Schneider,MiCON P922,Relé de Tensão,PROTECTION G1,,G1,,[],,,MICON P922,51,3,2025-11-06T12:24:30.568129
0271,Vo>>,,Schneider,MiCON P922,Relé de Tensão,PROTECTION G1,,G1,,[],,,MICON P922,52,3,2025-11-06T12:24:30.568154
0272,tVo>>,,Schneider,MiCON P922,Relé de Tensão,PROTECTION G1,,G1,,[],,,MICON P922,53,3,2025-11-06T12:24:30.568178
0280,Function Vo>>>,Yes,Schneider,MiCON P922,Relé de Tensão,PROTECTION G1,,G1,,[],,,MICON P922,54,3,2025-11-06T12:24:30.568203
0281,Vo>>>,,Schneider,MiCON P922,Relé de Tensão,PROTECTION G1,,G1,,[],,,MICON P922,55,3,2025-11-06T12:24:30.568231
0282,tVo>>>,,Schneider,MiCON P922,Relé de Tensão,PROTECTION G1,,G1,,[],,,MICON P922,56,3,2025-11-06T12:24:30.568255
0290,Function V2>,Yes,Schneider,MiCON P922,Relé de Tensão,PROTECTION G1,,G1,,[],,,MICON P922,58,3,2025-11-06T12:24:30.568300
0291,V2>,,Schneider,MiCON P922,Relé de Tensão,PROTECTION G1,,G1,,[],,,MICON P922,59,3,2025-11-06T12:24:30.568324
0292,Delay Type,DMT,Schneider,MiCON P922,Relé de Tensão,PROTECTION G1,,G1,,[],,,MICON P922,60,3,2025-11-06T12:24:30.568349
0295,tV2>,0.04,Schneider,MiCON P922,Relé de Tensão,PROTECTION G1,,G1,s,[],,,MICON P922,61,4,2025-11-06T12:24:30.568376
0293,TMS,1.0,Schneider,MiCON P922,Relé de Tensão,PROTECTION G1,,G1,,[],,,MICON P922,61,5,2025-11-06T12:24:30.568380
0294,tReset V2>,0.01,Schneider,MiCON P922,Relé de Tensão,PROTECTION G1,,G1,s,[],,,MICON P922,62,5,2025-11-06T12:24:30.568403
02A0,Function V2>>,Yes,Schneider,MiCON P922,Relé de Tensão,PROTECTION G1,,G1,,[],,,MICON P922,63,3,2025-11-06T12:24:30.568426
02A1,V2>>,,Schneider,MiCON P922,Relé de Tensão,PROTECTION G1,,G1,,[],,,MICON P922,64,3,2025-11-06T12:24:30.568451
02A2,tV2>>,,Schneider,MiCON P922,Relé de Tensão,PROTECTION G1,,G1,,[],,,MICON P922,65,3,2025-11-06T12:24:30.568475
02B0,Function V1<,Yes,Schneider,MiCON P922,Relé de Tensão,PROTECTION G1,,G1,,[],,,MICON P922,67,3,2025-11-06T12:24:30.568519
02B1,V1<,,Schneider,MiCON P922,Relé de Tensão,PROTECTION G1,,G1,,[],,,MICON P922,68,3,2025-11-06T12:24:30.568543
02B2,Delay Type,DMT,Schneider,MiCON P922,Relé de Tensão,PROTECTION G1,,G1,,[],,,MICON P922,69,3,2025-11-06T12:24:30.568568
02B5,tV1<,0.04,Schneider,MiCON P922,Relé de Tensão,PROTECTION G1,,G1,s,[],,,MICON P922,70,4,2025-11-06T12:24:30.568595
02B3,TMS,1.0,Schneider,MiCON P922,Relé de Tensão,PROTECTION G1,,G1,,[],,,MICON P922,70,5,2025-11-06T12:24:30.568599
02B4,tReset V1<,0.01,Schneider,MiCON P922,Relé de Tensão,PROTECTION G1,,G1,s,[],,,MICON P922,71,5,2025-11-06T12:24:30.568621
02C0,Function V1<<,Yes,Schneider,MiCON P922,Relé de Tensão,PROTECTION G1,,G1,,[],,,MICON P922,72,3,2025-11-06T12:24:30.568644
02C1,V1<<,,Schneider,MiCON P922,Relé de Tensão,PROTECTION G1,,G1,,[],,,MICON P922,73,3,2025-11-06T12:24:30.568668
02C2,tV1<<,,Schneider,MiCON P922,Relé de Tensão,PROTECTION G1,,G1,,[],,,MICON P922,74,3,2025-11-06T12:24:30.568692
02D0,Function f1,,Schneider,MiCON P922,Relé de Tensão,PROTECTION G1,,G1,,[],,,MICON P922,76,3,2025-11-06T12:24:30.568737
02D1,f1,,Schneider,MiCON P922,Relé de Tensão,PROTECTION G1,,G1,,[],,,MICON P922,77,3,2025-11-06T12:24:30.568761
02D2,tf1,,Schneider,MiCON P922,Relé de Tensão,PROTECTION G1,,G1,,[],,,MICON P922,78,3,2025-11-06T12:24:30.568786
02D3,Function f2,,Schneider,MiCON P922,Relé de Tensão,PROTECTION G1,,G1,,[],,,MICON P922,79,3,2025-11-06T12:24:30.568810
02D4,f2,,Schneider,MiCON P922,Relé de Tensão,PROTECTION G1,,G1,,[],,,MICON P922,80,3,2025-11-06T12:24:30.568834
02D5,tf2,,Schneider,MiCON P922,Relé de Tensão,PROTECTION G1,,G1,,[],,,MICON P922,81,3,2025-11-06T12:24:30.568859
02D6,Function f3,,Schneider,MiCON P922,Relé de Tensão,PROTECTION G1,,G1,,[],,,MICON P922,82,3,2025-11-06T12:24:30.568883
02D7,f3,,Schneider,MiCON P922,Relé de Tensão,PROTECTION G1,,G1,,[],,,MICON P922,83,3,2025-11-06T12:24:30.568907
02D8,tf3,,Schneider,MiCON P922,Relé de Tensão,PROTECTION G1,,G1,,[],,,MICON P922,84,3,2025-11-06T12:24:30.568931
02D9,Function f4,,Schneider,MiCON P922,Relé de Tensão,PROTECTION G1,,G1,,[],,,MICON P922,85,3,2025-11-06T12:24:30.568955
02DA,f4,,Schneider,MiCON P922,Relé de Tensão,PROTECTION G1,,G1,,[],,,MICON P922,86,3,2025-11-06T12:24:30.568979
02DB,tf4,,Schneider,MiCON P922,Relé de Tensão,PROTECTION G1,,G1,,[],,,MICON P922,87,3,2025-11-06T12:24:30.569003
02DC,Function f5,No,Schneider,MiCON P922,Relé de Tensão,PROTECTION G1,,G1,,[],,,MICON P922,88,3,2025-11-06T12:24:30.569028
02DF,Function f6,No,Schneider,MiCON P922,Relé de Tensão,PROTECTION G1,,G1,,[],,,MICON P922,89,3,2025-11-06T12:24:30.569053
0300,Function U<,No,Schneider,MiCON P922,Relé de Tensão,PROTECTION G2,,G2,,[],,,MICON P922,93,3,2025-11-06T12:24:30.569134
0310,Function U<<,No,Schneider,MiCON P922,Relé de Tensão,PROTECTION G2,,G2,,[],,,MICON P922,94,3,2025-11-06T12:24:30.569157
0320,Function U<<<,No,Schneider,MiCON P922,Relé de Tensão,PROTECTION G2,,G2,,[],,,MICON P922,95,3,2025-11-06T12:24:30.569179
0330,Function U>,No,Schneider,MiCON P922,Relé de Tensão,PROTECTION G2,,G2,,[],,,MICON P922,97,3,2025-11-06T12:24:30.569222
0340,Function U>>,No,Schneider,MiCON P922,Relé de Tensão,PROTECTION G2,,G2,,[],,,MICON P922,98,3,2025-11-06T12:24:30.569243
0350,Function U>>>,No,Schneider,MiCON P922,Relé de Tensão,PROTECTION G2,,G2,,[],,,MICON P922,99,3,2025-11-06T12:24:30.569265
0360,Function Vo>,No,Schneider,MiCON P922,Relé de Tensão,PROTECTION G2,,G2,,[],,,MICON P922,101,3,2025-11-06T12:24:30.569307
0370,Function Vo>>,No,Schneider,MiCON P922,Relé de Tensão,PROTECTION G2,,G2,,[],,,MICON P922,102,3,2025-11-06T12:24:30.569329
0380,Function Vo>>>,No,Schneider,MiCON P922,Relé de Tensão,PROTECTION G2,,G2,,[],,,MICON P922,103,3,2025-11-06T12:24:30.569352
0390,Function V2>,No,Schneider,MiCON P922,Relé de Tensão,PROTECTION G2,,G2,,[],,,MICON P922,105,3,2025-11-06T12:24:30.569394
03A0,Function V2>>,No,Schneider,MiCON P922,Relé de Tensão,PROTECTION G2,,G2,,[],,,MICON P922,106,3,2025-11-06T12:24:30.569416
03B0,Function V1<,No,Schneider,MiCON P922,Relé de Tensão,PROTECTION G2,,G2,,[],,,MICON P922,108,3,2025-11-06T12:24:30.569457
03C0,Function V1<<,No,Schneider,MiCON P922,Relé de Tensão,PROTECTION G2,,G2,,[],,,MICON P922,109,3,2025-11-06T12:24:30.569480
03D0,Function f1,No,Schneider,MiCON P922,Relé de Tensão,PROTECTION G2,,G2,,[],,,MICON P922,111,3,2025-11-06T12:24:30.569525
03D3,Function f2,No,Schneider,MiCON P922,Relé de Tensão,PROTECTION G2,,G2,,[],,,MICON P922,112,3,2025-11-06T12:24:30.569547
03D6,Function f3,No,Schneider,MiCON P922,Relé de Tensão,PROTECTION G2,,G2,,[],,,MICON P922,113,3,2025-11-06T12:24:30.569569
03D9,Function f4,No,Schneider,MiCON P922,Relé de Tensão,PROTECTION G2,,G2,,[],,,MICON P922,114,3,2025-11-06T12:24:30.569590
03DC,Function f5,No,Schneider,MiCON P922,Relé de Tensão,PROTECTION G2,,G2,,[],,,MICON P922,115,3,2025-11-06T12:24:30.569612
03DF,Function f6,No,Schneider,MiCON P922,Relé de Tensão,PROTECTION G2,,G2,,[],,,MICON P922,116,3,2025-11-06T12:24:30.569633
01E5,CB open S`vision,,Schneider,MiCON P922,Relé de Tensão,AUTOMAT. CTRL,,,,[],,,MICON P922,120,3,2025-11-06T12:24:30.569708
01E6,Cb Open Time,,Schneider,MiCON P922,Relé de Tensão,AUTOMAT. CTRL,,,,[],,,MICON P922,121,3,2025-11-06T12:24:30.569734
01E7,CB Close S`vision,Yes,Schneider,MiCON P922,Relé de Tensão,AUTOMAT. CTRL,,,,[],,,MICON P922,122,3,2025-11-06T12:24:30.569763
01E8,Cb Close Time,,Schneider,MiCON P922,Relé de Tensão,AUTOMAT. CTRL,,,,[],,,MICON P922,123,3,2025-11-06T12:24:30.569788
01EB,Close Pulse Time,,Schneider,MiCON P922,Relé de Tensão,AUTOMAT. CTRL,,,,[],,,MICON P922,124,3,2025-11-06T12:24:30.569812
01EA,Trip Pulse Time,,Schneider,MiCON P922,Relé de Tensão,AUTOMAT. CTRL,,,,[],,,MICON P922,125,3,2025-11-06T12:24:30.569837
i_nominal,600,,Schneider,SEPAM S40,Relé de Multifunção,[Sepam_Caracteristiques],,,,[],,,SEPAM S40,6,3,2025-11-06T12:24:30.586043
i_base,240,,Schneider,SEPAM S40,Relé de Multifunção,[Sepam_Caracteristiques],,,,[],,,SEPAM S40,7,3,2025-11-06T12:24:30.586078
courant_nominal_residuel,200,,Schneider,SEPAM S40,Relé de Multifunção,[Sepam_Caracteristiques],,,,[],,,SEPAM S40,8,3,2025-11-06T12:24:30.586104
tension_primaire_nominale,13800,,Schneider,SEPAM S40,Relé de Multifunção,[Sepam_Caracteristiques],,,,[],,,SEPAM S40,9,3,2025-11-06T12:24:30.586128
tension_secondaire_nominale,2,,Schneider,SEPAM S40,Relé de Multifunção,[Sepam_Caracteristiques],,,,[],,,SEPAM S40,10,3,2025-11-06T12:24:30.586153
application,S40,,Schneider,SEPAM S40,Relé de Multifunção,[Sepam_Caracteristiques],,,,[],,,SEPAM S40,11,3,2025-11-06T12:24:30.586177
00.04,Description,,GE,MiCON P241,,SYSTEM DATA,,,,[],,,MICON P241,5,4,2025-11-06T12:24:30.606780
00.05,Plant Reference,,GE,MiCON P241,,SYSTEM DATA,,,,[],,,MICON P241,6,4,2025-11-06T12:24:30.606816
00.09,Frequency,,GE,MiCON P241,,SYSTEM DATA,,,,[],,,MICON P241,7,4,2025-11-06T12:24:30.606847
10.01,Broken I^,,GE,MiCON P241,,CB MONITOR SETUP,,,,[],,,MICON P241,26,4,2025-11-06T12:24:30.607262
10.02,I^ Maintenance,Enabled,GE,MiCON P241,,CB MONITOR SETUP,,,,[],,,MICON P241,27,4,2025-11-06T12:24:30.607293
10.03,I^ Maint Alarm,,GE,MiCON P241,,CB MONITOR SETUP,,,,[],,,MICON P241,28,4,2025-11-06T12:24:30.607327
10.06,CB OPs Maint,Enabled,GE,MiCON P241,,CB MONITOR SETUP,,,,[],,,MICON P241,29,4,2025-11-06T12:24:30.607359
10.07,Nb. CB Ops Alarm,,GE,MiCON P241,,CB MONITOR SETUP,,,,[],,,MICON P241,30,4,2025-11-06T12:24:30.607392
31.01,I>1 Function,DT,GE,MiCON P241,,Group 1,,G1,,"['DT', 'Disabled']",,,MICON P241,36,4,2025-11-06T12:24:30.607542
31.02,I>1 Current Set,690.0,GE,MiCON P241,,Group 1,,G1,A,[],,,MICON P241,37,5,2025-11-06T12:24:30.607574
31.03,I>1 Time Delay,40.00,GE,MiCON P241,,Group 1,,G1,ms,[],,,MICON P241,38,5,2025-11-06T12:24:30.607605
31.11,I>2 Function,DT,GE,MiCON P241,,Group 1,,G1,,"['DT', 'Disabled']",,,MICON P241,39,4,2025-11-06T12:24:30.607636
31.12,I>2 Current Set,1125,GE,MiCON P241,,Group 1,,G1,A,[],,,MICON P241,40,5,2025-11-06T12:24:30.607720
31.13,I>2 Time Delay,100.0,GE,MiCON P241,,Group 1,,G1,ms,[],,,MICON P241,41,5,2025-11-06T12:24:30.607762
32.01,ISEF>1 Function,Disabled,GE,MiCON P241,,Group 1,,G1,,"['Disabled', '']",,"Idem 02 campos anteriores, porem com I>4, Ex: I>4 Current Set:",MICON P241,46,4,2025-11-06T12:24:30.607890
32.02,ISEF>1 Direction,Non Directional,GE,MiCON P241,,Group 1,,G1,,"['Non Directional', 'Directional Fwd']",,"Idem 02 campos anteriores, porem com I>4, Ex: I>4 Current Set:",MICON P241,47,5,2025-11-06T12:24:30.607943
32.02,ISEF>1 Direction,Non Directional,GE,MiCON P241,,Group 1,,G1,,"['Non Directional', 'Directional Fwd']",,"Idem 02 campos anteriores, porem com I>4, Ex: I>4 Current Set:",MICON P241,47,6,2025-11-06T12:24:30.607949
32.02,ISEF>1 Direction,,GE,MiCON P241,,Group 1,,G1,,[],,"Idem 02 campos anteriores, porem com I>4, Ex: I>4 Current Set:",MICON P241,47,7,2025-11-06T12:24:30.607953
32.02,ISEF>1 Direction,,GE,MiCON P241,,Group 1,,G1,,[],,"Idem 02 campos anteriores, porem com I>4, Ex: I>4 Current Set:",MICON P241,47,8,2025-11-06T12:24:30.607956
32.02,ISEF>1 Direction,,GE,MiCON P241,,Group 1,,G1,,[],,"Idem 02 campos anteriores, porem com I>4, Ex: I>4 Current Set:",MICON P241,47,9,2025-11-06T12:24:30.607960
32.02,ISEF>1 Direction,,GE,MiCON P241,,Group 1,,G1,,[],,"Idem 02 campos anteriores, porem com I>4, Ex: I>4 Current Set:",MICON P241,47,10,2025-11-06T12:24:30.607964
32.02,ISEF>1 Direction,,GE,MiCON P241,,Group 1,,G1,,[],,"Idem 02 campos anteriores, porem com I>4, Ex: I>4 Current Set:",MICON P241,47,11,2025-11-06T12:24:30.607968
32.02,ISEF>1 Direction,,GE,MiCON P241,,Group 1,,G1,,[],,"Idem 02 campos anteriores, porem com I>4, Ex: I>4 Current Set:",MICON P241,47,12,2025-11-06T12:24:30.607971
32.02,ISEF>1 Direction,,GE,MiCON P241,,Group 1,,G1,,[],,"Idem 02 campos anteriores, porem com I>4, Ex: I>4 Current Set:",MICON P241,47,13,2025-11-06T12:24:30.607974
32.02,ISEF>1 Direction,,GE,MiCON P241,,Group 1,,G1,,[],,"Idem 02 campos anteriores, porem com I>4, Ex: I>4 Current Set:",MICON P241,47,14,2025-11-06T12:24:30.607978
32.03,ISEF>1 Current,25.00,GE,MiCON P241,,Group 1,,G1,A,[],,"Idem 02 campos anteriores, porem com I>4, Ex: I>4 Current Set:",MICON P241,48,5,2025-11-06T12:24:30.608017
32.03,ISEF>1 Current,25.00,GE,MiCON P241,,Group 1,,G1,A,[],,"Idem 02 campos anteriores, porem com I>4, Ex: I>4 Current Set:",MICON P241,48,6,2025-11-06T12:24:30.608021
32.03,ISEF>1 Current,,GE,MiCON P241,,Group 1,,G1,,[],,"Idem 02 campos anteriores, porem com I>4, Ex: I>4 Current Set:",MICON P241,48,7,2025-11-06T12:24:30.608025
32.03,ISEF>1 Current,,GE,MiCON P241,,Group 1,,G1,,[],,"Idem 02 campos anteriores, porem com I>4, Ex: I>4 Current Set:",MICON P241,48,8,2025-11-06T12:24:30.608029
32.03,ISEF>1 Current,,GE,MiCON P241,,Group 1,,G1,,[],,"Idem 02 campos anteriores, porem com I>4, Ex: I>4 Current Set:",MICON P241,48,9,2025-11-06T12:24:30.608032
32.03,ISEF>1 Current,,GE,MiCON P241,,Group 1,,G1,,[],,"Idem 02 campos anteriores, porem com I>4, Ex: I>4 Current Set:",MICON P241,48,10,2025-11-06T12:24:30.608036
32.03,ISEF>1 Current,,GE,MiCON P241,,Group 1,,G1,,[],,"Idem 02 campos anteriores, porem com I>4, Ex: I>4 Current Set:",MICON P241,48,11,2025-11-06T12:24:30.608040
32.03,ISEF>1 Current,,GE,MiCON P241,,Group 1,,G1,,[],,"Idem 02 campos anteriores, porem com I>4, Ex: I>4 Current Set:",MICON P241,48,12,2025-11-06T12:24:30.608043
32.03,ISEF>1 Current,,GE,MiCON P241,,Group 1,,G1,,[],,"Idem 02 campos anteriores, porem com I>4, Ex: I>4 Current Set:",MICON P241,48,13,2025-11-06T12:24:30.608047
32.03,ISEF>1 Current,,GE,MiCON P241,,Group 1,,G1,,[],,"Idem 02 campos anteriores, porem com I>4, Ex: I>4 Current Set:",MICON P241,48,14,2025-11-06T12:24:30.608050
32.04,ISEF>1 T. Delay,40.00,GE,MiCON P241,,Group 1,,G1,ms,[],,"Idem 02 campos anteriores, porem com I>4, Ex: I>4 Current Set:",MICON P241,49,5,2025-11-06T12:24:30.608089
32.05,ISEF>1 TMS,1000,GE,MiCON P241,,Group 1,,G1,,[],,"Idem 02 campos anteriores, porem com I>4, Ex: I>4 Current Set:",MICON P241,49,6,2025-11-06T12:24:30.608094
32.05,ISEF>1 TMS,,GE,MiCON P241,,Group 1,,G1,,[],,"Idem 02 campos anteriores, porem com I>4, Ex: I>4 Current Set:",MICON P241,49,7,2025-11-06T12:24:30.608098
32.05,ISEF>1 TMS,,GE,MiCON P241,,Group 1,,G1,,[],,"Idem 02 campos anteriores, porem com I>4, Ex: I>4 Current Set:",MICON P241,49,8,2025-11-06T12:24:30.608102
32.05,ISEF>1 TMS,,GE,MiCON P241,,Group 1,,G1,,[],,"Idem 02 campos anteriores, porem com I>4, Ex: I>4 Current Set:",MICON P241,49,9,2025-11-06T12:24:30.608106
32.05,Time Dial,,GE,MiCON P241,,Group 1,,G1,,[],,"Idem 02 campos anteriores, porem com I>4, Ex: I>4 Current Set:",MICON P241,49,10,2025-11-06T12:24:30.608109
32.05,Time Dial,,GE,MiCON P241,,Group 1,,G1,,[],,"Idem 02 campos anteriores, porem com I>4, Ex: I>4 Current Set:",MICON P241,49,11,2025-11-06T12:24:30.608113
32.05,Time Dial,,GE,MiCON P241,,Group 1,,G1,,[],,"Idem 02 campos anteriores, porem com I>4, Ex: I>4 Current Set:",MICON P241,49,12,2025-11-06T12:24:30.608116
32.05,Time Dial,,GE,MiCON P241,,Group 1,,G1,,[],,"Idem 02 campos anteriores, porem com I>4, Ex: I>4 Current Set:",MICON P241,49,13,2025-11-06T12:24:30.608120
32.05,Time Dial,,GE,MiCON P241,,Group 1,,G1,,[],,"Idem 02 campos anteriores, porem com I>4, Ex: I>4 Current Set:",MICON P241,49,14,2025-11-06T12:24:30.608123
32.07,ISEF>1 Reset Chr,IDMT,GE,MiCON P241,,Group 1,,G1,,"['IDMT', 'DMT']",,"Idem 02 campos anteriores, porem com I>4, Ex: I>4 Current Set:",MICON P241,50,6,2025-11-06T12:24:30.608162
32.07,ISEF>1 Reset Chr,,GE,MiCON P241,,Group 1,,G1,,[],,"Idem 02 campos anteriores, porem com I>4, Ex: I>4 Current Set:",MICON P241,50,7,2025-11-06T12:24:30.608166
32.07,ISEF>1 Reset Chr,,GE,MiCON P241,,Group 1,,G1,,[],,"Idem 02 campos anteriores, porem com I>4, Ex: I>4 Current Set:",MICON P241,50,8,2025-11-06T12:24:30.608169
32.07,ISEF>1 Reset Chr,,GE,MiCON P241,,Group 1,,G1,,[],,"Idem 02 campos anteriores, porem com I>4, Ex: I>4 Current Set:",MICON P241,50,9,2025-11-06T12:24:30.608173
32.07,ISEF>1 Reset Chr,,GE,MiCON P241,,Group 1,,G1,,[],,"Idem 02 campos anteriores, porem com I>4, Ex: I>4 Current Set:",MICON P241,50,10,2025-11-06T12:24:30.608176
32.07,ISEF>1 Reset Chr,,GE,MiCON P241,,Group 1,,G1,,[],,"Idem 02 campos anteriores, porem com I>4, Ex: I>4 Current Set:",MICON P241,50,11,2025-11-06T12:24:30.608180
32.07,ISEF>1 Reset Chr,,GE,MiCON P241,,Group 1,,G1,,[],,"Idem 02 campos anteriores, porem com I>4, Ex: I>4 Current Set:",MICON P241,50,12,2025-11-06T12:24:30.608184
32.07,ISEF>1 Reset Chr,,GE,MiCON P241,,Group 1,,G1,,[],,"Idem 02 campos anteriores, porem com I>4, Ex: I>4 Current Set:",MICON P241,50,13,2025-11-06T12:24:30.608187
32.07,ISEF>1 Reset Chr,,GE,MiCON P241,,Group 1,,G1,,[],,"Idem 02 campos anteriores, porem com I>4, Ex: I>4 Current Set:",MICON P241,50,14,2025-11-06T12:24:30.608191
32.09,ISEF>2 Function,Disabled,GE,MiCON P241,,Group 1,,G1,,"['Disabled', 'DT']",,"Idem 02 campos anteriores, porem com I>4, Ex: I>4 Current Set:",MICON P241,51,4,2025-11-06T12:24:30.608219
32.10,GROUP 1 WATTMETRIC SEF,,GE,MiCON P241,,Group 1,,G1,,[],,"Idem 02 campos anteriores, porem com I>4, Ex: I>4 Current Set:",MICON P241,58,4,2025-11-06T12:24:30.608399
32.11,P0> Function,DT,GE,MiCON P241,,Group 1,,G1,,"['DT', 'Disabled']",,"Idem 02 campos anteriores, porem com I>4, Ex: I>4 Current Set:",MICON P241,59,4,2025-11-06T12:24:30.608428
32.12,P0> Current Set,10.00,GE,MiCON P241,,Group 1,,G1,A,[],,"Idem 02 campos anteriores, porem com I>4, Ex: I>4 Current Set:",MICON P241,60,5,2025-11-06T12:24:30.608456
32.13,P0> Voltage Set,5.000,GE,MiCON P241,,Group 1,,G1,V,[],,"Idem 02 campos anteriores, porem com I>4, Ex: I>4 Current Set:",MICON P241,61,5,2025-11-06T12:24:30.608482
32.14,P0> Coeff. K Set,1,GE,MiCON P241,,Group 1,,G1,,[],,"Idem 02 campos anteriores, porem com I>4, Ex: I>4 Current Set:",MICON P241,62,5,2025-11-06T12:24:30.608509
32.15,P0> Char Angle,0,GE,MiCON P241,,Group 1,,G1,deg,[],,"Idem 02 campos anteriores, porem com I>4, Ex: I>4 Current Set:",MICON P241,63,5,2025-11-06T12:24:30.608536
32.16,P0> Time Delay,200.0,GE,MiCON P241,,Group 1,,G1,ms,[],,"Idem 02 campos anteriores, porem com I>4, Ex: I>4 Current Set:",MICON P241,64,5,2025-11-06T12:24:30.608562
33.01,I2>1 Status,DT,GE,MiCON P241,,Group 1,,G1,,"['DT', 'Disabled']",,"Idem 02 campos anteriores, porem com I>4, Ex: I>4 Current Set:",MICON P241,67,4,2025-11-06T12:24:30.608645
33.02,I2>1 Current Set,22.50,GE,MiCON P241,,Group 1,,G1,A,[],,"Idem 02 campos anteriores, porem com I>4, Ex: I>4 Current Set:",MICON P241,68,5,2025-11-06T12:24:30.608674
33.03,I2>1 Time Delay,3.000,GE,MiCON P241,,Group 1,,G1,s,[],,"Idem 02 campos anteriores, porem com I>4, Ex: I>4 Current Set:",MICON P241,69,5,2025-11-06T12:24:30.608700
33.04,I2>2 Status,IDMT,GE,MiCON P241,,Group 1,,G1,,"['IDMT', 'Disabled']",,"Idem 02 campos anteriores, porem com I>4, Ex: I>4 Current Set:",MICON P241,70,4,2025-11-06T12:24:30.608728
33.05,I2>2 Current Set,75.00,GE,MiCON P241,,Group 1,,G1,A,[],,"Idem 02 campos anteriores, porem com I>4, Ex: I>4 Current Set:",MICON P241,71,5,2025-11-06T12:24:30.608756
33.06,I2>2 TMS,1000,GE,MiCON P241,,Group 1,,G1,,[],,"Idem 02 campos anteriores, porem com I>4, Ex: I>4 Current Set:",MICON P241,72,5,2025-11-06T12:24:30.608783
39.01,Prolonged Start,Enabled,GE,MiCON P241,,Group 1,,G1,,[],,"Idem 02 campos anteriores, porem com I>4, Ex: I>4 Current Set:",MICON P241,74,4,2025-11-06T12:24:30.608834
39.02,Start Criteria,,GE,MiCON P241,,Group 1,,G1,,[],,"Idem 02 campos anteriores, porem com I>4, Ex: I>4 Current Set:",MICON P241,75,4,2025-11-06T12:24:30.608863
39.03,Starting Current,,GE,MiCON P241,,Group 1,,G1,,[],,"Idem 02 campos anteriores, porem com I>4, Ex: I>4 Current Set:",MICON P241,76,4,2025-11-06T12:24:30.608891
39.04,Prol. Start Time,,GE,MiCON P241,,Group 1,,G1,,[],,"Idem 02 campos anteriores, porem com I>4, Ex: I>4 Current Set:",MICON P241,77,4,2025-11-06T12:24:30.608920
39.05,Stall Rotor-strt,Disabled,GE,MiCON P241,,Group 1,,G1,,[],,"Idem 02 campos anteriores, porem com I>4, Ex: I>4 Current Set:",MICON P241,78,4,2025-11-06T12:24:30.608949
39.06,Stall Detection,Enabled,GE,MiCON P241,,Group 1,,G1,,[],,"Idem 02 campos anteriores, porem com I>4, Ex: I>4 Current Set:",MICON P241,79,4,2025-11-06T12:24:30.608978
39.07,Stall Setting,,GE,MiCON P241,,Group 1,,G1,,[],,"Idem 02 campos anteriores, porem com I>4, Ex: I>4 Current Set:",MICON P241,80,4,2025-11-06T12:24:30.609006
39.08,Stall Time,,GE,MiCON P241,,Group 1,,G1,,[],,"Idem 02 campos anteriores, porem com I>4, Ex: I>4 Current Set:",MICON P241,81,4,2025-11-06T12:24:30.609034
39.09,Reacceleration,Enabled,GE,MiCON P241,,Group 1,,G1,,[],,"Idem 02 campos anteriores, porem com I>4, Ex: I>4 Current Set:",MICON P241,82,4,2025-11-06T12:24:30.609063
39.10,Reac. Shed Time,,GE,MiCON P241,,Group 1,,G1,,[],,"Idem 02 campos anteriores, porem com I>4, Ex: I>4 Current Set:",MICON P241,88,4,2025-11-06T12:24:30.609219
42.01,GROUP 1 UNDER VOLTAGE,,GE,MiCON P241,,GROUP 1 VOLT PROTECTION,,,,[],,"Idem 02 campos anteriores, porem com I>4, Ex: I>4 Current Set:",MICON P241,101,4,2025-11-06T12:24:30.609535
42.03,V< Operate Mode,,GE,MiCON P241,,GROUP 1 VOLT PROTECTION,,,,[],,"Idem 02 campos anteriores, porem com I>4, Ex: I>4 Current Set:",MICON P241,102,4,2025-11-06T12:24:30.609562
42.02,V< Measur't Mode,,GE,MiCON P241,,GROUP 1 VOLT PROTECTION,,,,[],,"Idem 02 campos anteriores, porem com I>4, Ex: I>4 Current Set:",MICON P241,103,4,2025-11-06T12:24:30.609591
42.04,V<1 Function,Disabled,GE,MiCON P241,,GROUP 1 VOLT PROTECTION,,,,"['Disabled', 'DT', 'IDMT']",,"Idem 02 campos anteriores, porem com I>4, Ex: I>4 Current Set:",MICON P241,104,4,2025-11-06T12:24:30.609623
42.05,V<1 Voltage Set,3450,GE,MiCON P241,,GROUP 1 VOLT PROTECTION,,,V,[],,"Idem 02 campos anteriores, porem com I>4, Ex: I>4 Current Set:",MICON P241,105,5,2025-11-06T12:24:30.609653
42.05,V<1 Voltage Set,3450,GE,MiCON P241,,GROUP 1 VOLT PROTECTION,,,V,[],,"Idem 02 campos anteriores, porem com I>4, Ex: I>4 Current Set:",MICON P241,105,6,2025-11-06T12:24:30.609658
42.06,V<1 Time Delay,500.0,GE,MiCON P241,,GROUP 1 VOLT PROTECTION,,,ms,[],,"Idem 02 campos anteriores, porem com I>4, Ex: I>4 Current Set:",MICON P241,106,5,2025-11-06T12:24:30.609685
42.07,V<1 TMS,1.000,GE,MiCON P241,,GROUP 1 VOLT PROTECTION,,,,[],,"Idem 02 campos anteriores, porem com I>4, Ex: I>4 Current Set:",MICON P241,106,6,2025-11-06T12:24:30.609691
42.09,V<2 Status,DT,GE,MiCON P241,,GROUP 1 VOLT PROTECTION,,,,"['DT', 'Disabled']",,"Idem 02 campos anteriores, porem com I>4, Ex: I>4 Current Set:",MICON P241,107,4,2025-11-06T12:24:30.609718
42.10,V>1 Status,DT,GE,MiCON P241,,GROUP 1 VOLT PROTECTION,,,,"['DT', 'Disabled']",,"Idem 02 campos anteriores, porem com I>4, Ex: I>4 Current Set:",MICON P241,114,4,2025-11-06T12:24:30.609898
42.11,V>1 Voltage Set,15.18,GE,MiCON P241,,GROUP 1 VOLT PROTECTION,,,kV,[],,"Idem 02 campos anteriores, porem com I>4, Ex: I>4 Current Set:",MICON P241,115,5,2025-11-06T12:24:30.609926
42.12,V>1 Time Delay,3.000,GE,MiCON P241,,GROUP 1 VOLT PROTECTION,,,s,[],,"Idem 02 campos anteriores, porem com I>4, Ex: I>4 Current Set:",MICON P241,116,5,2025-11-06T12:24:30.609953
42.14,V>2 Status,DT,GE,MiCON P241,,GROUP 1 VOLT PROTECTION,,,,"['DT', 'Disabled']",,"Idem 02 campos anteriores, porem com I>4, Ex: I>4 Current Set:",MICON P241,117,4,2025-11-06T12:24:30.609980
42.15,V>2 Voltage Set,16.10,GE,MiCON P241,,GROUP 1 VOLT PROTECTION,,,kV,[],,"Idem 02 campos anteriores, porem com I>4, Ex: I>4 Current Set:",MICON P241,118,5,2025-11-06T12:24:30.610008
42.16,V>2 Time Delay,5.000,GE,MiCON P241,,GROUP 1 VOLT PROTECTION,,,s,[],,"Idem 02 campos anteriores, porem com I>4, Ex: I>4 Current Set:",MICON P241,119,5,2025-11-06T12:24:30.610035
45.08,GROUP 1 UNDER CURRENT,,GE,MiCON P241,,GROUP 1 VOLT PROTECTION,,,,[],,"Idem 02 campos anteriores, porem com I>4, Ex: I>4 Current Set:",MICON P241,121,4,2025-11-06T12:24:30.610084
45.09,I< Current Set,,GE,MiCON P241,,GROUP 1 VOLT PROTECTION,,,,[],,"Idem 02 campos anteriores, porem com I>4, Ex: I>4 Current Set:",MICON P241,122,4,2025-11-06T12:24:30.610111
00.04,Description,,GE,MiCON P143,,SYSTEM DATA,,,,[],,,MICON P143,5,3,2025-11-06T12:24:30.626466
00.05,Plant Reference,,GE,MiCON P143,,SYSTEM DATA,,,,[],,,MICON P143,6,3,2025-11-06T12:24:30.626506
00.09,Frequency,,GE,MiCON P143,,SYSTEM DATA,,,,[],,,MICON P143,7,3,2025-11-06T12:24:30.626539
10.01,Broken I^,,GE,MiCON P143,,CB MONITOR SETUP,,,,[],,,MICON P143,31,3,2025-11-06T12:24:30.627074
35.23,I>1 Function,Disabled,GE,MiCON P143,,Group 1,,G1,,"['Disabled', '']",,,MICON P143,35,3,2025-11-06T12:24:30.627183
35.27,I>1 Current Set,3120,GE,MiCON P143,,Group 1,,G1,A,[],,,MICON P143,36,4,2025-11-06T12:24:30.627239
32.03,I>1 Current Set,25.00,GE,MiCON P143,,Group 1,,G1,A,[],,,MICON P143,36,5,2025-11-06T12:24:30.627244
32.03,I>1 Current Set,25.00,GE,MiCON P143,,Group 1,,G1,A,[],,,MICON P143,36,6,2025-11-06T12:24:30.627249
32.03,I>1 Current Set,25.00,GE,MiCON P143,,Group 1,,G1,A,[],,,MICON P143,36,7,2025-11-06T12:24:30.627253
32.03,I>1 Current Set,25.00,GE,MiCON P143,,Group 1,,G1,A,[],,,MICON P143,36,8,2025-11-06T12:24:30.627257
35.27,I>1 Current Set,3120,GE,MiCON P143,,Group 1,,G1,A,[],,,MICON P143,36,9,2025-11-06T12:24:30.627261
35.27,I>1 Current Set,3120,GE,MiCON P143,,Group 1,,G1,A,[],,,MICON P143,36,10,2025-11-06T12:24:30.627265
35.27,I>1 Current Set,3120,GE,MiCON P143,,Group 1,,G1,A,[],,,MICON P143,36,11,2025-11-06T12:24:30.627269
35.27,I>1 Current Set,3120,GE,MiCON P143,,Group 1,,G1,A,[],,,MICON P143,36,12,2025-11-06T12:24:30.627273
35.27,I>1 Current Set,3120,GE,MiCON P143,,Group 1,,G1,A,[],,,MICON P143,36,13,2025-11-06T12:24:30.627276
32.03,I>1 Current Set,25.00,GE,MiCON P143,,Group 1,,G1,A,[],,,MICON P143,36,14,2025-11-06T12:24:30.627280
35.27,I>1 Current Set,3120,GE,MiCON P143,,Group 1,,G1,A,[],,,MICON P143,36,15,2025-11-06T12:24:30.627284
35.29,I>1 Time Delay,1.000,GE,MiCON P143,,Group 1,,G1,s,[],,,MICON P143,37,4,2025-11-06T12:24:30.627329
32.05,I>1 TMS,1000,GE,MiCON P143,,Group 1,,G1,,[],,,MICON P143,37,5,2025-11-06T12:24:30.627335
32.05,I>1 TMS,1000,GE,MiCON P143,,Group 1,,G1,,[],,,MICON P143,37,6,2025-11-06T12:24:30.627340
32.05,I>1 TMS,1000,GE,MiCON P143,,Group 1,,G1,,[],,,MICON P143,37,7,2025-11-06T12:24:30.627344
32.05,I>1 TMS,1000,GE,MiCON P143,,Group 1,,G1,,[],,,MICON P143,37,8,2025-11-06T12:24:30.627349
32.05,I>1 TMS,1000,GE,MiCON P143,,Group 1,,G1,,[],,,MICON P143,37,14,2025-11-06T12:24:30.627360
32.07,I>1 tRESET,0,GE,MiCON P143,,Group 1,,G1,s,[],,,MICON P143,38,5,2025-11-06T12:24:30.627407
32.07,I>1 tRESET,0,GE,MiCON P143,,Group 1,,G1,s,[],,,MICON P143,38,6,2025-11-06T12:24:30.627411
32.07,I>1 tRESET,0,GE,MiCON P143,,Group 1,,G1,s,[],,,MICON P143,38,7,2025-11-06T12:24:30.627415
32.07,I>1 tRESET,0,GE,MiCON P143,,Group 1,,G1,s,[],,,MICON P143,38,8,2025-11-06T12:24:30.627419
32.07,I>1 tRESET,0,GE,MiCON P143,,Group 1,,G1,s,[],,,MICON P143,38,14,2025-11-06T12:24:30.627430
35.24,I>1 Direction,Non-Directional,GE,MiCON P143,,Group 1,,G1,,[],,,MICON P143,40,3,2025-11-06T12:24:30.627494
35.32,I>2 Function,Disabled,GE,MiCON P143,,Group 1,,G1,,"['Disabled', '']",,,MICON P143,41,3,2025-11-06T12:24:30.627538
35.36,I>2 Current Set,9600,GE,MiCON P143,,Group 1,,G1,A,[],,,MICON P143,42,4,2025-11-06T12:24:30.627593
32.03,I>1 Current Set,25.00,GE,MiCON P143,,Group 1,,G1,A,[],,,MICON P143,42,5,2025-11-06T12:24:30.627597
32.03,I>1 Current Set,25.00,GE,MiCON P143,,Group 1,,G1,A,[],,,MICON P143,42,6,2025-11-06T12:24:30.627601
32.03,I>1 Current Set,25.00,GE,MiCON P143,,Group 1,,G1,A,[],,,MICON P143,42,7,2025-11-06T12:24:30.627605
32.03,I>1 Current Set,25.00,GE,MiCON P143,,Group 1,,G1,A,[],,,MICON P143,42,8,2025-11-06T12:24:30.627609
35.27,I>1 Current Set,3120,GE,MiCON P143,,Group 1,,G1,A,[],,,MICON P143,42,9,2025-11-06T12:24:30.627613
35.27,I>1 Current Set,3120,GE,MiCON P143,,Group 1,,G1,A,[],,,MICON P143,42,10,2025-11-06T12:24:30.627617
35.27,I>1 Current Set,3120,GE,MiCON P143,,Group 1,,G1,A,[],,,MICON P143,42,11,2025-11-06T12:24:30.627621
35.27,I>1 Current Set,3120,GE,MiCON P143,,Group 1,,G1,A,[],,,MICON P143,42,12,2025-11-06T12:24:30.627624
35.27,I>1 Current Set,3120,GE,MiCON P143,,Group 1,,G1,A,[],,,MICON P143,42,13,2025-11-06T12:24:30.627628
32.03,I>1 Current Set,25.00,GE,MiCON P143,,Group 1,,G1,A,[],,,MICON P143,42,14,2025-11-06T12:24:30.627632
35.27,I>1 Current Set,3120,GE,MiCON P143,,Group 1,,G1,A,[],,,MICON P143,42,15,2025-11-06T12:24:30.627636
35.38,I>2 Time Delay,600.0,GE,MiCON P143,,Group 1,,G1,ms,[],,,MICON P143,43,4,2025-11-06T12:24:30.627676
32.05,I>1 TMS,1000,GE,MiCON P143,,Group 1,,G1,,[],,,MICON P143,43,5,2025-11-06T12:24:30.627681
32.05,I>1 TMS,1000,GE,MiCON P143,,Group 1,,G1,,[],,,MICON P143,43,6,2025-11-06T12:24:30.627685
32.05,I>1 TMS,1000,GE,MiCON P143,,Group 1,,G1,,[],,,MICON P143,43,7,2025-11-06T12:24:30.627690
32.05,I>1 TMS,1000,GE,MiCON P143,,Group 1,,G1,,[],,,MICON P143,43,8,2025-11-06T12:24:30.627694
32.05,I>1 TMS,1000,GE,MiCON P143,,Group 1,,G1,,[],,,MICON P143,43,14,2025-11-06T12:24:30.627706
32.07,I>1 tRESET,0,GE,MiCON P143,,Group 1,,G1,s,[],,,MICON P143,44,5,2025-11-06T12:24:30.627748
32.07,I>1 tRESET,0,GE,MiCON P143,,Group 1,,G1,s,[],,,MICON P143,44,6,2025-11-06T12:24:30.627752
32.07,I>1 tRESET,0,GE,MiCON P143,,Group 1,,G1,s,[],,,MICON P143,44,7,2025-11-06T12:24:30.627756
32.07,I>1 tRESET,0,GE,MiCON P143,,Group 1,,G1,s,[],,,MICON P143,44,8,2025-11-06T12:24:30.627760
32.07,I>1 tRESET,0,GE,MiCON P143,,Group 1,,G1,s,[],,,MICON P143,44,14,2025-11-06T12:24:30.627771
35.33,I>2 Direction,Non-Directional,GE,MiCON P143,,Group 1,,G1,,[],,,MICON P143,46,3,2025-11-06T12:24:30.627833
35.40,I>3 Status,Enabled,GE,MiCON P143,,Group 1,,G1,,[],,,MICON P143,47,3,2025-11-06T12:24:30.627864
35.41,I>3 Direction,Non-Directional,GE,MiCON P143,,Group 1,,G1,,[],,,MICON P143,48,3,2025-11-06T12:24:30.627894
35.44,I>3 Current Set,,GE,MiCON P143,,Group 1,,G1,,[],,,MICON P143,49,3,2025-11-06T12:24:30.627923
35.45,I>3 Time Delay,,GE,MiCON P143,,Group 1,,G1,,[],,,MICON P143,50,3,2025-11-06T12:24:30.627953
35.47,I>4 Status,Disabled,GE,MiCON P143,,Group 1,,G1,,[],,,MICON P143,51,3,2025-11-06T12:24:30.627983
38.25,IN1>1 Function,Disabled,GE,MiCON P143,,Group 1,,G1,,"['Disabled', '']",,,MICON P143,56,3,2025-11-06T12:24:30.628125
38.26,IN1>1 Current,945.0,GE,MiCON P143,,Group 1,,G1,,[],,,MICON P143,57,4,2025-11-06T12:24:30.628181
38.26,IN1>1 Current,945.0,GE,MiCON P143,,Group 1,,G1,,[],,,MICON P143,57,5,2025-11-06T12:24:30.628186
38.26,IN1>1 Current,945.0,GE,MiCON P143,,Group 1,,G1,,[],,,MICON P143,57,6,2025-11-06T12:24:30.628191
38.26,IN1>1 Current,945.0,GE,MiCON P143,,Group 1,,G1,,[],,,MICON P143,57,7,2025-11-06T12:24:30.628195
38.26,IN1>1 Current,945.0,GE,MiCON P143,,Group 1,,G1,,[],,,MICON P143,57,8,2025-11-06T12:24:30.628200
38.29,IN1>1 Current,3120,GE,MiCON P143,,Group 1,,G1,A,[],,,MICON P143,57,9,2025-11-06T12:24:30.628204
38.29,IN1>1 Current,3120,GE,MiCON P143,,Group 1,,G1,A,[],,,MICON P143,57,10,2025-11-06T12:24:30.628208
38.29,IN1>1 Current,3120,GE,MiCON P143,,Group 1,,G1,A,[],,,MICON P143,57,11,2025-11-06T12:24:30.628212
38.29,IN1>1 Current,3120,GE,MiCON P143,,Group 1,,G1,A,[],,,MICON P143,57,12,2025-11-06T12:24:30.628215
38.29,IN1>1 Current,3120,GE,MiCON P143,,Group 1,,G1,A,[],,,MICON P143,57,13,2025-11-06T12:24:30.628219
38.29,IN1>1 Current,945,GE,MiCON P143,,Group 1,,G1,A,[],,,MICON P143,57,14,2025-11-06T12:24:30.628223
38.29,IN1>1 Current,945,GE,MiCON P143,,Group 1,,G1,A,[],,,MICON P143,57,15,2025-11-06T12:24:30.628227
38.29,IN>1 Time Delay,600.0,GE,MiCON P143,,Group 1,,G1,ms,[],,,MICON P143,58,4,2025-11-06T12:24:30.628268
38.33,IN1>1 tRESET,0,GE,MiCON P143,,Group 1,,G1,s,[],,,MICON P143,59,4,2025-11-06T12:24:30.628322
38.33,IN1>1 tRESET,0,GE,MiCON P143,,Group 1,,G1,s,[],,,MICON P143,59,5,2025-11-06T12:24:30.628327
38.33,IN1>1 tRESET,0,GE,MiCON P143,,Group 1,,G1,s,[],,,MICON P143,59,6,2025-11-06T12:24:30.628331
38.33,IN1>1 tRESET,0,GE,MiCON P143,,Group 1,,G1,s,[],,,MICON P143,59,7,2025-11-06T12:24:30.628334
38.33,IN1>1 tRESET,0,GE,MiCON P143,,Group 1,,G1,s,[],,,MICON P143,59,8,2025-11-06T12:24:30.628338
38.32,IN1>1 Reset Char,DT,GE,MiCON P143,,Group 1,,G1,,"['DT', 'Inverse']",,,MICON P143,59,9,2025-11-06T12:24:30.628343
38.32,IN1>1 Reset Char,DT,GE,MiCON P143,,Group 1,,G1,,"['DT', 'Inverse']",,,MICON P143,59,10,2025-11-06T12:24:30.628347
38.32,IN1>1 Reset Char,DT,GE,MiCON P143,,Group 1,,G1,,"['DT', 'Inverse']",,,MICON P143,59,11,2025-11-06T12:24:30.628351
38.32,IN1>1 Reset Char,DT,GE,MiCON P143,,Group 1,,G1,,"['DT', 'Inverse']",,,MICON P143,59,12,2025-11-06T12:24:30.628355
38.32,IN1>1 Reset Char,DT,GE,MiCON P143,,Group 1,,G1,,"['DT', 'Inverse']",,,MICON P143,59,13,2025-11-06T12:24:30.628359
38.30,IN1>1 IDG Time,1.200,GE,MiCON P143,,Group 1,,G1,s,[],,,MICON P143,59,14,2025-11-06T12:24:30.628363
38.33,IN1>1 tRESET,0,GE,MiCON P143,,Group 1,,G1,s,[],,,MICON P143,59,15,2025-11-06T12:24:30.628367
38.33,IN1>1 tRESET,0,GE,MiCON P143,,Group 1,,G1,s,[],,,MICON P143,60,9,2025-11-06T12:24:30.628399
38.33,IN1>1 tRESET,0,GE,MiCON P143,,Group 1,,G1,s,[],,,MICON P143,60,10,2025-11-06T12:24:30.628403
38.33,IN1>1 tRESET,0,GE,MiCON P143,,Group 1,,G1,s,[],,,MICON P143,60,11,2025-11-06T12:24:30.628407
38.33,IN1>1 tRESET,0,GE,MiCON P143,,Group 1,,G1,s,[],,,MICON P143,60,12,2025-11-06T12:24:30.628411
38.33,IN1>1 tRESET,0,GE,MiCON P143,,Group 1,,G1,s,[],,,MICON P143,60,13,2025-11-06T12:24:30.628415
38.33,IN1>1 tRESET,0,GE,MiCON P143,,Group 1,,G1,s,[],,,MICON P143,60,14,2025-11-06T12:24:30.628418
38.26,IN1>1 Direction,Non-Directional,GE,MiCON P143,,Group 1,,G1,,[],,,MICON P143,61,3,2025-11-06T12:24:30.628447
38.36,IN1>2 Function,Disabled,GE,MiCON P143,,Group 1,,G1,,"['Disabled', '']",,,MICON P143,62,3,2025-11-06T12:24:30.628490
38.26,IN1>1 Current,945.0,GE,MiCON P143,,Group 1,,G1,,[],,,MICON P143,63,4,2025-11-06T12:24:30.628545
38.26,IN1>1 Current,945.0,GE,MiCON P143,,Group 1,,G1,,[],,,MICON P143,63,5,2025-11-06T12:24:30.628550
38.26,IN1>1 Current,945.0,GE,MiCON P143,,Group 1,,G1,,[],,,MICON P143,63,6,2025-11-06T12:24:30.628555
38.26,IN1>1 Current,945.0,GE,MiCON P143,,Group 1,,G1,,[],,,MICON P143,63,7,2025-11-06T12:24:30.628559
38.26,IN1>1 Current,945.0,GE,MiCON P143,,Group 1,,G1,,[],,,MICON P143,63,8,2025-11-06T12:24:30.628564
38.29,IN1>1 Current,3120,GE,MiCON P143,,Group 1,,G1,A,[],,,MICON P143,63,9,2025-11-06T12:24:30.628568
38.29,IN1>1 Current,3120,GE,MiCON P143,,Group 1,,G1,A,[],,,MICON P143,63,10,2025-11-06T12:24:30.628571
38.29,IN1>1 Current,3120,GE,MiCON P143,,Group 1,,G1,A,[],,,MICON P143,63,11,2025-11-06T12:24:30.628575
38.29,IN1>1 Current,3120,GE,MiCON P143,,Group 1,,G1,A,[],,,MICON P143,63,12,2025-11-06T12:24:30.628579
38.29,IN1>1 Current,3120,GE,MiCON P143,,Group 1,,G1,A,[],,,MICON P143,63,13,2025-11-06T12:24:30.628583
38.29,IN1>1 Current,945,GE,MiCON P143,,Group 1,,G1,A,[],,,MICON P143,63,14,2025-11-06T12:24:30.628587
38.29,IN1>1 Current,945,GE,MiCON P143,,Group 1,,G1,A,[],,,MICON P143,63,15,2025-11-06T12:24:30.628590
38.29,IN>1 Time Delay,600.0,GE,MiCON P143,,Group 1,,G1,ms,[],,,MICON P143,64,4,2025-11-06T12:24:30.628631
38.33,IN1>1 tRESET,0,GE,MiCON P143,,Group 1,,G1,s,[],,,MICON P143,65,4,2025-11-06T12:24:30.628684
38.33,IN1>1 tRESET,0,GE,MiCON P143,,Group 1,,G1,s,[],,,MICON P143,65,5,2025-11-06T12:24:30.628688
38.33,IN1>1 tRESET,0,GE,MiCON P143,,Group 1,,G1,s,[],,,MICON P143,65,6,2025-11-06T12:24:30.628692
38.33,IN1>1 tRESET,0,GE,MiCON P143,,Group 1,,G1,s,[],,,MICON P143,65,7,2025-11-06T12:24:30.628696
38.33,IN1>1 tRESET,0,GE,MiCON P143,,Group 1,,G1,s,[],,,MICON P143,65,8,2025-11-06T12:24:30.628700
38.32,IN1>1 Reset Char,DT,GE,MiCON P143,,Group 1,,G1,,"['DT', 'Inverse']",,,MICON P143,65,9,2025-11-06T12:24:30.628704
38.32,IN1>1 Reset Char,DT,GE,MiCON P143,,Group 1,,G1,,"['DT', 'Inverse']",,,MICON P143,65,10,2025-11-06T12:24:30.628708
38.32,IN1>1 Reset Char,DT,GE,MiCON P143,,Group 1,,G1,,"['DT', 'Inverse']",,,MICON P143,65,11,2025-11-06T12:24:30.628712
38.32,IN1>1 Reset Char,DT,GE,MiCON P143,,Group 1,,G1,,"['DT', 'Inverse']",,,MICON P143,65,12,2025-11-06T12:24:30.628716
38.32,IN1>1 Reset Char,DT,GE,MiCON P143,,Group 1,,G1,,"['DT', 'Inverse']",,,MICON P143,65,13,2025-11-06T12:24:30.628720
38.30,IN1>1 IDG Time,1.200,GE,MiCON P143,,Group 1,,G1,s,[],,,MICON P143,65,14,2025-11-06T12:24:30.628724
38.33,IN1>1 tRESET,0,GE,MiCON P143,,Group 1,,G1,s,[],,,MICON P143,65,15,2025-11-06T12:24:30.628728
38.33,IN1>1 tRESET,0,GE,MiCON P143,,Group 1,,G1,s,[],,,MICON P143,66,9,2025-11-06T12:24:30.628760
38.33,IN1>1 tRESET,0,GE,MiCON P143,,Group 1,,G1,s,[],,,MICON P143,66,10,2025-11-06T12:24:30.628764
38.33,IN1>1 tRESET,0,GE,MiCON P143,,Group 1,,G1,s,[],,,MICON P143,66,11,2025-11-06T12:24:30.628767
38.33,IN1>1 tRESET,0,GE,MiCON P143,,Group 1,,G1,s,[],,,MICON P143,66,12,2025-11-06T12:24:30.628771
38.33,IN1>1 tRESET,0,GE,MiCON P143,,Group 1,,G1,s,[],,,MICON P143,66,13,2025-11-06T12:24:30.628775
38.33,IN1>1 tRESET,0,GE,MiCON P143,,Group 1,,G1,s,[],,,MICON P143,66,14,2025-11-06T12:24:30.628779
38.46,IN1>3 Status,Enabled,GE,MiCON P143,,Group 1,,G1,,[],,,MICON P143,67,3,2025-11-06T12:24:30.628806
38.47,IN1>3 Direction,Non-Directional,GE,MiCON P143,,Group 1,,G1,,[],,,MICON P143,68,3,2025-11-06T12:24:30.628838
38.51,IN1>4 Current,,GE,MiCON P143,,Group 1,,G1,,[],,,MICON P143,73,3,2025-11-06T12:24:30.628977
38.52,IN1>4 Time Delay,,GE,MiCON P143,,Group 1,,G1,,[],,,MICON P143,74,3,2025-11-06T12:24:30.629006
38.54,IN1> Blocking,,GE,MiCON P143,,Group 1,,G1,,[],,,MICON P143,75,3,2025-11-06T12:24:30.629036
38.55,IN1> POL,,GE,MiCON P143,,Group 1,,G1,,[],,,MICON P143,76,3,2025-11-06T12:24:30.629067
38.56,IN1> Char Angle,,GE,MiCON P143,,Group 1,,G1,,[],,,MICON P143,77,3,2025-11-06T12:24:30.629095
38.57,IN1> Pol,,GE,MiCON P143,,Group 1,,G1,,[],,,MICON P143,78,3,2025-11-06T12:24:30.629124
38.59,IN1> VNpol Set,,GE,MiCON P143,,Group 1,,G1,,[],,,MICON P143,79,3,2025-11-06T12:24:30.629154
42.01,UNDER VOLTAGE,,GE,MiCON P143,,GROUP 1 VOLT PROTECTION,,,,[],,,MICON P143,88,3,2025-11-06T12:24:30.629360
42.02,V< Measur't Mode,Phase-Phase,GE,MiCON P143,,GROUP 1 VOLT PROTECTION,,,,[],,,MICON P143,89,3,2025-11-06T12:24:30.629389
42.03,V< Operate Mode,Three Phase,GE,MiCON P143,,GROUP 1 VOLT PROTECTION,,,,[],,,MICON P143,90,3,2025-11-06T12:24:30.629420
42.04,V<1 Function,Disabled,GE,MiCON P143,,GROUP 1 VOLT PROTECTION,,,,"['Disabled', 'DT', 'IDMT']",,,MICON P143,91,3,2025-11-06T12:24:30.629452
42.05,V<1 Voltage Set,240.0,GE,MiCON P143,,GROUP 1 VOLT PROTECTION,,,V,[],,,MICON P143,92,4,2025-11-06T12:24:30.629484
42.05,V<1 Voltage Set,240.0,GE,MiCON P143,,GROUP 1 VOLT PROTECTION,,,V,[],,,MICON P143,92,5,2025-11-06T12:24:30.629488
42.06,V<1 Time Delay,500.0,GE,MiCON P143,,GROUP 1 VOLT PROTECTION,,,ms,[],,,MICON P143,93,4,2025-11-06T12:24:30.629517
42.07,V<1 TMS,1.000,GE,MiCON P143,,GROUP 1 VOLT PROTECTION,,,,[],,,MICON P143,93,5,2025-11-06T12:24:30.629522
42.08,V<1 Poledead Inh,Disabled,GE,MiCON P143,,GROUP 1 VOLT PROTECTION,,,,[],,,MICON P143,94,3,2025-11-06T12:24:30.629550
42.09,V<2 Status,Enabled,GE,MiCON P143,,GROUP 1 VOLT PROTECTION,,,,[],,,MICON P143,95,3,2025-11-06T12:24:30.629580
42.10,V>1 Function,Disabled,GE,MiCON P143,,GROUP 1 VOLT PROTECTION,,,,"['Disabled', 'DT', 'IDMT']",,,MICON P143,102,3,2025-11-06T12:24:30.629767
42.11,V>1 Voltage Set,528.0,GE,MiCON P143,,GROUP 1 VOLT PROTECTION,,,V,[],,,MICON P143,103,4,2025-11-06T12:24:30.629798
42.11,V>1 Voltage Set,528.0,GE,MiCON P143,,GROUP 1 VOLT PROTECTION,,,V,[],,,MICON P143,103,5,2025-11-06T12:24:30.629802
42.12,V>1 Time Delay,3.000,GE,MiCON P143,,GROUP 1 VOLT PROTECTION,,,s,[],,,MICON P143,104,4,2025-11-06T12:24:30.629831
42.12,V>1 TMS,3.000,GE,MiCON P143,,GROUP 1 VOLT PROTECTION,,,s,[],,,MICON P143,104,5,2025-11-06T12:24:30.629835
42.14,V>2 Status,Enabled,GE,MiCON P143,,GROUP 1 VOLT PROTECTION,,,,[],,,MICON P143,105,3,2025-11-06T12:24:30.629863
42.15,V>2 Voltage Set,,GE,MiCON P143,,GROUP 1 VOLT PROTECTION,,,,[],,,MICON P143,106,3,2025-11-06T12:24:30.629892
42.16,V>2 Time Delay,,GE,MiCON P143,,GROUP 1 VOLT PROTECTION,,,,[],,,MICON P143,107,3,2025-11-06T12:24:30.629921
45.01,BREAKER FAIL,,GE,MiCON P143,,GROUP 1 VOLT PROTECTION,,,,[],,,MICON P143,109,3,2025-11-06T12:24:30.629973
45.02,CB Fail 1 Status,Enabled,GE,MiCON P143,,GROUP 1 VOLT PROTECTION,,,,[],,,MICON P143,110,3,2025-11-06T12:24:30.630001
45.03,CB Fail 1 Timer,,GE,MiCON P143,,GROUP 1 VOLT PROTECTION,,,,[],,,MICON P143,111,3,2025-11-06T12:24:30.630030
45.04,CB Fail 2 Status,Enabled,GE,MiCON P143,,GROUP 1 VOLT PROTECTION,,,,[],,,MICON P143,112,3,2025-11-06T12:24:30.630059
45.05,CB Fail 2 Timer,,GE,MiCON P143,,GROUP 1 VOLT PROTECTION,,,,[],,,MICON P143,113,3,2025-11-06T12:24:30.630088
45.08,UNDER CURRENT,,GE,MiCON P143,,GROUP 1 VOLT PROTECTION,,,,[],,,MICON P143,114,3,2025-11-06T12:24:30.630115
45.09,I< Current Set,,GE,MiCON P143,,GROUP 1 VOLT PROTECTION,,,,[],,,MICON P143,115,3,2025-11-06T12:24:30.630143
